behavior_type,count,ratio
1,11550581,0.9423733036706
2,242556,0.019789333458215312
3,343564,0.02803023862628954
4,120205,0.009807124244895082
