stage,model,accuracy,precision,recall,f1,roc_auc
baseline,LR,0.9518842530282638,0.5,0.1048951048951049,0.1734104046242774,0.8939035513796914
baseline,XGBoost,0.949192462987887,0.4047619047619047,0.1188811188811188,0.1837837837837838,0.8812721389603679
baseline,LightGBM,0.9478465679676984,0.375,0.1258741258741259,0.1884816753926701,0.8790647316628227
baseline,RF,0.9502018842530284,0.4137931034482758,0.0839160839160839,0.1395348837209302,0.874674636074424
